﻿<?xml version="1.0" encoding="utf-8"?>
<Symbolconfiguration xmlns="http://www.3s-software.com/schemas/Symbolconfiguration.xsd">
  <Header>
    <Version>3.5.14.0</Version>
    <SymbolConfigObject version="4.4.0.0" runtimeid="3.5.19.0" libversion="4.4.0.0" compiler="3.5.19.50" lmm="3.5.19.50" profile="CODESYS V3.5 SP19 Patch 5+" settings="SupportOPCUA, LayoutCalculator=OptimizedClientSideLayoutCalculator" />
    <ProjectInfo name="yac_control_code_blank" devicename="Device" appname="Application" />
  </Header>
  <TypeList>
    <TypeSimple name="T_BOOL" size="1" swapsize="0" typeclass="Bool" iecname="BOOL" />
    <TypeSimple name="T_DINT" size="4" swapsize="4" typeclass="DInt" iecname="DINT" />
    <TypeSimple name="T_REAL" size="4" swapsize="4" typeclass="Real" iecname="REAL" />
    <TypeArray name="T_ARRAY__1__200__OF_REAL" size="800" nativesize="800" typeclass="Array" iecname="ARRAY [1..200] OF REAL" basetype="T_REAL">
      <ArrayDim minrange="1" maxrange="200" />
    </TypeArray>
    <TypeArray name="T_ARRAY__1__400__OF_REAL" size="1600" nativesize="1600" typeclass="Array" iecname="ARRAY [1..400] OF REAL" basetype="T_REAL">
      <ArrayDim minrange="1" maxrange="400" />
    </TypeArray>
  </TypeList>
  <NodeList>
    <Node name="Application">
      <Node name="FIO">
        <Node name="AP0_At_1" type="T_BOOL" access="ReadWrite" />
        <Node name="AP0_At_2" type="T_BOOL" access="ReadWrite" />
        <Node name="AP0_At_3" type="T_BOOL" access="ReadWrite" />
        <Node name="AP0_At_Elevator_Entry" type="T_BOOL" access="ReadWrite" />
        <Node name="AP0_At_Elevator_Exit" type="T_BOOL" access="ReadWrite" />
        <Node name="AP0_At_Remover_Entry" type="T_BOOL" access="ReadWrite" />
        <Node name="AP0_Belt_Conveyor_1" type="T_BOOL" access="ReadWrite" />
        <Node name="AP0_Belt_Conveyor_2" type="T_BOOL" access="ReadWrite" />
        <Node name="AP0_Belt_Conveyor_3" type="T_BOOL" access="ReadWrite" />
        <Node name="AP0_Bottom_at_Elevator" type="T_BOOL" access="ReadWrite" />
        <Node name="AP0_Bottom_At_Exit" type="T_BOOL" access="ReadWrite" />
        <Node name="AP0_Conveyor_0" type="T_BOOL" access="ReadWrite" />
        <Node name="AP0_Conveyor_Exit" type="T_BOOL" access="ReadWrite" />
        <Node name="AP0_Conveyor_Remover" type="T_BOOL" access="ReadWrite" />
        <Node name="AP0_Elevator_Down" type="T_BOOL" access="ReadWrite" />
        <Node name="AP0_Elevator_Load" type="T_BOOL" access="ReadWrite" />
        <Node name="AP0_Elevator_Slow" type="T_BOOL" access="ReadWrite" />
        <Node name="AP0_Elevator_Unload" type="T_BOOL" access="ReadWrite" />
        <Node name="AP0_Elevator_Up" type="T_BOOL" access="ReadWrite" />
        <Node name="AP0_Lift_At_0_high" type="T_BOOL" access="ReadWrite" />
        <Node name="AP0_Lift_At_0_low" type="T_BOOL" access="ReadWrite" />
        <Node name="AP0_Lift_At_1_high" type="T_BOOL" access="ReadWrite" />
        <Node name="AP0_Lift_At_1_low" type="T_BOOL" access="ReadWrite" />
        <Node name="AP0_Lift_At_2_high" type="T_BOOL" access="ReadWrite" />
        <Node name="AP0_Lift_At_2_low" type="T_BOOL" access="ReadWrite" />
        <Node name="AP0_Lift_At_3_high" type="T_BOOL" access="ReadWrite" />
        <Node name="AP0_Lift_At_3_low" type="T_BOOL" access="ReadWrite" />
        <Node name="AP5_Remover_Scrap_Detected_Parts" type="T_DINT" access="ReadWrite" />
        <Node name="AP6_Belt_Conveyor_Emitter" type="T_BOOL" access="ReadWrite" />
        <Node name="AP6_Belt_Conveyor_Remover" type="T_BOOL" access="ReadWrite" />
        <Node name="AP6_Diffuse_Console_Coming" type="T_BOOL" access="ReadWrite" />
        <Node name="AP6_Diffuse_Package_Leaving" type="T_BOOL" access="ReadWrite" />
        <Node name="AP6_Emitter_Emit" type="T_BOOL" access="ReadWrite" />
        <Node name="AP6_Remover_Detected_Parts" type="T_DINT" access="ReadWrite" />
        <Node name="AP6_RFID_Writer_Execute" type="T_BOOL" access="ReadWrite" />
        <Node name="AP6_RFID_Writer_Write_Data" type="T_DINT" access="ReadWrite" />
        <Node name="AP6_Stop_Blade" type="T_BOOL" access="ReadWrite" />
        <Node name="AP8_Diffuse_At_RFID" type="T_BOOL" access="ReadWrite" />
        <Node name="AP8_RFID_Reader_Execute_Command" type="T_BOOL" access="ReadWrite" />
        <Node name="AP8_RFID_Reader_Read_Data" type="T_DINT" access="ReadWrite" />
      </Node>
      <Node name="POU_Registry">
        <Node name="Order" type="T_ARRAY__1__200__OF_REAL" access="ReadWrite" />
      </Node>
      <Node name="POU_Scrap">
        <Node name="Scrap" type="T_ARRAY__1__400__OF_REAL" access="ReadWrite" />
      </Node>
    </Node>
  </NodeList>
</Symbolconfiguration>